{"cameraMode":{"drawMode":0,"name":"Shaded","section":"Shading Mode"},"sceneLighting":false,"audioPlay":false,"sceneViewState":{"showFog":true,"showMaterialUpdate":false,"showSkybox":true,"showFlares":true,"showImageEffects":true,"showParticleSystems":true},"in2DMode":false,"pivot":{"x":-1.034952163696289,"y":0.5776951313018799,"z":-0.9894465804100037},"rotation":{"x":0.07706327736377716,"y":-0.9039238691329956,"z":0.1841769963502884,"w":0.3782351315021515},"size":3.134608507156372,"orthographic":true}